week_start,planned_km,actual_km,pct,verdict,long_run_planned_km,long_run_actual_km
2026-10-12,24.9,0.0,0,behind,10.5,0.0
2026-10-19,28.0,0.0,0,behind,11.8,0.0
2026-10-26,31.0,0.0,0,behind,13.0,0.0
2026-11-02,26.9,0.0,0,behind,11.3,0.0
2026-11-09,37.1,0.0,0,behind,15.5,0.0
2026-11-16,41.0,0.0,0,behind,17.2,0.0
2026-11-23,44.1,0.0,0,behind,18.5,0.0
2026-11-30,38.0,0.0,0,behind,16.0,0.0
2026-12-07,49.9,0.0,0,behind,16.0,0.0
2026-12-14,53.0,0.0,0,behind,17.0,0.0
2026-12-21,53.0,0.0,0,behind,22.3,0.0
2026-12-28,56.0,0.0,0,behind,23.5,0.0
2027-01-04,59.0,0.0,0,behind,24.8,0.0
2027-01-11,50.0,0.0,0,behind,21.0,0.0
2027-01-18,65.0,0.0,0,behind,27.3,0.0
2027-01-25,68.0,0.0,0,behind,28.6,0.0
2027-02-01,71.0,0.0,0,behind,29.8,0.0
2027-02-08,59.0,0.0,0,behind,24.8,0.0
2027-02-15,77.0,0.0,0,behind,30.8,0.0
2027-02-22,80.0,0.0,0,behind,32.0,0.0
2027-03-01,83.0,0.0,0,behind,33.2,0.0
2027-03-08,69.0,0.0,0,behind,29.0,0.0
2027-03-15,89.0,0.0,0,behind,35.6,0.0
2027-03-22,89.0,0.0,0,behind,35.6,0.0
2027-03-29,67.0,0.0,0,behind,28.1,0.0
2027-04-05,53.0,0.0,0,behind,22.3,0.0
2027-04-12,40.0,0.0,0,behind,16.0,0.0
2027-04-19,60.8,0.0,0,behind,42.2,0.0
